{"loss": [0.11514005810022354, 0.06030963733792305, 0.02647370845079422, 0.012812776491045952, 0.0218003261834383, 0.026602936908602715, 0.01944313384592533, 0.012937143445014954, 0.011427924036979675, 0.012450281530618668, 0.014098403044044971, 0.01427428424358368, 0.013032033108174801, 0.011199663393199444, 0.00957414135336876, 0.0088355652987957, 0.009020709432661533, 0.009449918754398823], "val_loss": [0.38318413496017456, 0.13627664744853973, 0.010102433152496815, 0.03420728072524071, 0.07855881750583649, 0.04703938961029053, 0.011300422251224518, 0.0034703065175563097, 0.012145458720624447, 0.020527008920907974, 0.02156984992325306, 0.014464259147644043, 0.005906610284000635, 0.003520512254908681, 0.010457518510520458, 0.02501440979540348, 0.04116923734545708, 0.04767443612217903], "predictions": [88950.84375, 90178.078125, 91392.53125, 92615.046875, 93879.75, 94701.53125, 95265.671875, 95870.046875, 96234.3671875, 96883.875], "actual": [90643.3, 89899.9, 90507.4, 92335.90000000001, 94288.0, 98366.8, 98921.4, 97725.5, 97960.4, 93064.0]}