{"loss": [0.1432584524154663, 0.06972143054008484, 0.03421226143836975, 0.01745099201798439, 0.0207428727298975, 0.026384059339761734, 0.023800581693649292, 0.017482910305261612, 0.01317596435546875, 0.013430604711174965, 0.01447121798992157, 0.01553796324878931, 0.015401311218738556, 0.013849635608494282], "val_loss": [0.5070502161979675, 0.20276375114917755, 0.0389489009976387, 0.003492052899673581, 0.021800946444272995, 0.019868550822138786, 0.0067358193919062614, 0.0035855197347700596, 0.014570211991667747, 0.03056229278445244, 0.03835238888859749, 0.03637150675058365, 0.025606423616409302, 0.012327062897384167], "predictions": [91409.7265625, 92263.03125, 93686.734375, 95098.375, 96749.3125, 97430.65625, 97262.890625, 97026.109375, 96780.9140625, 97141.9453125], "actual": [90643.3, 89899.9, 90507.4, 92335.90000000001, 94288.0, 98366.8, 98921.4, 97725.5, 97960.4, 93064.0]}