{"loss": [0.09856218844652176, 0.05036796256899834, 0.017309248447418213, 0.014499050565063953, 0.025277812033891678, 0.024135146290063858, 0.016521187499165535, 0.011398561298847198, 0.011745883151888847, 0.013614604249596596, 0.014484353363513947, 0.01376832090318203, 0.012125140056014061], "val_loss": [0.2533373534679413, 0.06846252828836441, 0.00471517164260149, 0.04545383155345917, 0.05050920322537422, 0.019817981868982315, 0.005433167330920696, 0.009793073870241642, 0.019672151654958725, 0.023955542594194412, 0.02030104026198387, 0.01248695608228445, 0.006301225163042545], "predictions": [93240.0, 94596.7578125, 95324.9609375, 95593.328125, 95681.8828125, 95725.4453125, 96102.5, 96623.7578125, 97317.421875, 97905.078125], "actual": [92335.90000000001, 94288.0, 98366.8, 98921.4, 97725.5, 97960.4, 93064.0, 92021.4, 95905.20000000001, 95160.0]}