{"loss": [0.26381221413612366, 0.15819476544857025, 0.07311473786830902, 0.025048216804862022, 0.011971786618232727, 0.032160643488168716, 0.04997023567557335, 0.04204034432768822, 0.0244753398001194, 0.013715636916458607, 0.01229919958859682, 0.01585519313812256, 0.019558077678084373, 0.0212125014513731], "val_loss": [0.5358836054801941, 0.24956636130809784, 0.06571437418460846, 0.002749968785792589, 0.06597046554088593, 0.14030084013938904, 0.11846903711557388, 0.05768780782818794, 0.014338130131363869, 0.002808136399835348, 0.01063747238367796, 0.021632011979818344, 0.026640912517905235, 0.023870820179581642], "predictions": [94746.9375, 94908.28125, 95288.46875, 95799.8828125, 96373.5625, 96854.9296875, 97060.0859375, 97194.03125, 97233.90625, 96888.6875], "actual": [97725.5, 97960.4, 93064.0, 92021.4, 95905.20000000001, 95694.4, 97516.3, 96475.1, 97265.1, 95736.0]}