{"loss": [0.028813015669584274, 0.009137901477515697, 0.009618205018341541, 0.0061456067487597466, 0.006996757350862026, 0.006477684713900089, 0.005228228867053986, 0.005483768414705992, 0.005228517577052116, 0.004651394672691822, 0.004972160793840885, 0.004713073372840881], "val_loss": [0.16244930028915405, 0.03786541894078255, 0.1047792136669159, 0.17241325974464417, 0.17065897583961487, 0.12210952490568161, 0.07592414319515228, 0.05646609514951706, 0.07777678221464157, 0.09578073024749756, 0.08640844374895096, 0.06330608576536179], "predictions": [73073.0, 73261.5625, 73529.0859375, 74128.359375, 75235.984375, 76917.8515625, 78734.140625, 80499.328125, 82122.0625, 83104.3671875, 84000.140625, 84912.40625, 85864.6640625, 86514.5546875, 86976.8203125, 87290.453125, 87525.9296875, 87940.421875, 88420.640625, 88865.421875, 89256.9296875, 89400.6875, 89532.453125, 89488.4921875, 89201.65625, 89005.2890625], "actual": [76482.2, 76675.1, 80410.0, 88728.9, 87972.0, 90413.30000000002, 87382.7, 91074.6, 90643.3, 89899.9, 90507.39999999998, 92335.9, 94288.0, 98366.8, 98921.39999999998, 97725.5, 97960.4, 93064.0, 92021.4, 95905.2, 95694.4, 97516.30000000002, 96475.1, 97265.1, 95890.5, 95383.6]}