{
    "loss": [
        0.0202292799949646,
        0.010259108617901802,
        0.0070327636785805225,
        0.0059469095431268215,
        0.006775637157261372,
        0.0053959195502102375,
        0.005284430459141731,
        0.004977995529770851,
        0.004627559799700975,
        0.004886410664767027,
        0.004665075801312923,
        0.004522484727203846,
        0.004638209007680416,
        0.004353167489171028,
        0.004363593179732561,
        0.004227133933454752,
        0.004285156726837158,
        0.004193838220089674,
        0.004096580669283867,
        0.004112526774406433,
        0.004117968492209911,
        0.0039635952562093735,
        0.004049277864396572,
        0.004032639320939779,
        0.0038409533444792032,
        0.004256809130311012,
        0.0038723007310181856,
        0.004042566753923893,
        0.0037533340509980917,
        0.0037872707471251488,
        0.0036974765826016665,
        0.0036801742389798164,
        0.0035913335159420967,
        0.0036663790233433247,
        0.0035642681177705526,
        0.0036718659102916718,
        0.0035185865126550198,
        0.0034495273139327765,
        0.003697692882269621,
        0.003552443813532591,
        0.003794889897108078,
        0.003407792653888464,
        0.003552690614014864,
        0.003560950979590416,
        0.0034848060458898544,
        0.0033763013780117035,
        0.003300607670098543,
        0.0032093063928186893,
        0.003621145384386182,
        0.003127635922282934
    ],
    "val_loss": [
        0.06984657794237137,
        0.040900781750679016,
        0.1223158985376358,
        0.16720350086688995,
        0.12682311236858368,
        0.06695932894945145,
        0.05483253672719002,
        0.07251906394958496,
        0.0824810191988945,
        0.0763426348567009,
        0.055670108646154404,
        0.03808657079935074,
        0.04172426089644432,
        0.04939022287726402,
        0.052825961261987686,
        0.03802717477083206,
        0.03651688992977142,
        0.043180957436561584,
        0.04929427430033684,
        0.04577295482158661,
        0.04864801838994026,
        0.03561462461948395,
        0.03746255487203598,
        0.04930627718567848,
        0.03226303309202194,
        0.028720028698444366,
        0.049157995730638504,
        0.04480345547199249,
        0.028635520488023758,
        0.0291984174400568,
        0.027282776311039925,
        0.02830810658633709,
        0.03345368057489395,
        0.030285071581602097,
        0.021276146173477173,
        0.02812575362622738,
        0.028692789375782013,
        0.02059282176196575,
        0.020331956446170807,
        0.034961991012096405,
        0.03192080184817314,
        0.020526589825749397,
        0.022639406844973564,
        0.031101223081350327,
        0.02002272941172123,
        0.020340152084827423,
        0.02393985725939274,
        0.021903423592448235,
        0.020612476393580437,
        0.030216287821531296
    ],
    "metrics": {
        "MSE": 61170870.942019984,
        "RMSE": 7821.180917356405,
        "MAE": 6452.111057692307,
        "MAPE": 7.182601270378469,
        "R2": -0.6453550669353092
    },
    "predictions": [
        68261.7578125,
        69586.234375,
        71237.0234375,
        72767.921875,
        74588.7265625,
        76516.359375,
        78570.5703125,
        80368.2265625,
        81963.296875,
        83698.296875,
        85070.1171875,
        85857.4375,
        86521.90625,
        87396.578125,
        88755.8984375,
        90832.0078125,
        93016.5703125,
        94930.9453125,
        95508.34375,
        95051.0625,
        94980.0859375,
        94963.984375,
        95410.203125,
        95492.15625,
        95482.5078125,
        95127.671875
    ],
    "actual": [
        76482.2,
        76675.1,
        80410.0,
        88728.9,
        87972.0,
        90413.30000000002,
        87382.7,
        91074.6,
        90643.3,
        89899.9,
        90507.39999999998,
        92335.9,
        94288.0,
        98366.8,
        98921.39999999998,
        97725.5,
        97960.4,
        93064.0,
        92021.4,
        95905.2,
        95694.4,
        97516.30000000002,
        96475.1,
        97265.1,
        95890.5,
        95383.6
    ],
    "comparison": [
        [
            76482.2,
            68261.7578125
        ],
        [
            76675.1,
            69586.234375
        ],
        [
            80410.0,
            71237.0234375
        ],
        [
            88728.9,
            72767.921875
        ],
        [
            87972.0,
            74588.7265625
        ],
        [
            90413.30000000002,
            76516.359375
        ],
        [
            87382.7,
            78570.5703125
        ],
        [
            91074.6,
            80368.2265625
        ],
        [
            90643.3,
            81963.296875
        ],
        [
            89899.9,
            83698.296875
        ],
        [
            90507.39999999998,
            85070.1171875
        ],
        [
            92335.9,
            85857.4375
        ],
        [
            94288.0,
            86521.90625
        ],
        [
            98366.8,
            87396.578125
        ],
        [
            98921.39999999998,
            88755.8984375
        ],
        [
            97725.5,
            90832.0078125
        ],
        [
            97960.4,
            93016.5703125
        ],
        [
            93064.0,
            94930.9453125
        ],
        [
            92021.4,
            95508.34375
        ],
        [
            95905.2,
            95051.0625
        ],
        [
            95694.4,
            94980.0859375
        ],
        [
            97516.30000000002,
            94963.984375
        ],
        [
            96475.1,
            95410.203125
        ],
        [
            97265.1,
            95492.15625
        ],
        [
            95890.5,
            95482.5078125
        ],
        [
            95383.6,
            95127.671875
        ]
    ]
}