{
    "loss": [
        0.036903753876686096,
        0.024714739993214607,
        0.014703124761581421,
        0.00749795651063323,
        0.0045645032078027725,
        0.005510193295776844,
        0.007801109459251165,
        0.008055256679654121,
        0.0065980940125882626,
        0.005144928116351366,
        0.004345505964010954,
        0.004386262036859989,
        0.0045823147520422935,
        0.004814352374523878,
        0.004778569098562002,
        0.004522854927927256,
        0.0041850958950817585
    ],
    "val_loss": [
        0.46124401688575745,
        0.34100133180618286,
        0.23174725472927094,
        0.1384548842906952,
        0.07061396539211273,
        0.037226781249046326,
        0.030435586348176003,
        0.039688870310783386,
        0.059501562267541885,
        0.08523382246494293,
        0.10965940356254578,
        0.12759755551815033,
        0.1350477933883667,
        0.13376866281032562,
        0.12418989092111588,
        0.1091550961136818,
        0.09166694432497025
    ],
    "metrics": {
        "MSE": 61614837.333585344,
        "RMSE": 7849.511916901925,
        "MAE": 7283.719965277776,
        "MAPE": 7.894729869571441,
        "R2": -0.3704305742088583
    },
    "predictions": [
        70871.125,
        72100.46875,
        73829.3828125,
        75507.5859375,
        75841.8828125,
        77268.5546875,
        79607.1796875,
        82892.21875,
        85153.859375,
        85646.1015625,
        85379.859375,
        84710.15625,
        84849.15625,
        85100.0625,
        85746.9140625,
        87113.328125,
        88319.1484375,
        89404.640625,
        90124.3046875,
        89738.8984375,
        89049.2421875,
        88698.4375,
        88224.2265625,
        87966.6796875,
        88195.2421875,
        88317.828125,
        88545.4765625
    ],
    "actual": [
        75859.4,
        76482.2,
        76675.1,
        80410.0,
        88728.9,
        87972.0,
        90413.30000000002,
        87382.7,
        91074.6,
        90643.3,
        89899.9,
        90507.39999999998,
        92335.9,
        94288.0,
        98366.8,
        98921.39999999998,
        97725.5,
        97960.4,
        93064.0,
        92021.4,
        95905.2,
        95694.4,
        97516.30000000002,
        96475.1,
        97265.1,
        95890.5,
        95383.6
    ],
    "comparison": [
        [
            75859.4,
            70871.125
        ],
        [
            76482.2,
            72100.46875
        ],
        [
            76675.1,
            73829.3828125
        ],
        [
            80410.0,
            75507.5859375
        ],
        [
            88728.9,
            75841.8828125
        ],
        [
            87972.0,
            77268.5546875
        ],
        [
            90413.30000000002,
            79607.1796875
        ],
        [
            87382.7,
            82892.21875
        ],
        [
            91074.6,
            85153.859375
        ],
        [
            90643.3,
            85646.1015625
        ],
        [
            89899.9,
            85379.859375
        ],
        [
            90507.39999999998,
            84710.15625
        ],
        [
            92335.9,
            84849.15625
        ],
        [
            94288.0,
            85100.0625
        ],
        [
            98366.8,
            85746.9140625
        ],
        [
            98921.39999999998,
            87113.328125
        ],
        [
            97725.5,
            88319.1484375
        ],
        [
            97960.4,
            89404.640625
        ],
        [
            93064.0,
            90124.3046875
        ],
        [
            92021.4,
            89738.8984375
        ],
        [
            95905.2,
            89049.2421875
        ],
        [
            95694.4,
            88698.4375
        ],
        [
            97516.30000000002,
            88224.2265625
        ],
        [
            96475.1,
            87966.6796875
        ],
        [
            97265.1,
            88195.2421875
        ],
        [
            95890.5,
            88317.828125
        ],
        [
            95383.6,
            88545.4765625
        ]
    ]
}