{
    "loss": [
        0.032962948083877563,
        0.007788045331835747,
        0.01165791042149067,
        0.005998646374791861,
        0.006680679973214865,
        0.00732529629021883,
        0.0056379507295787334,
        0.004769473802298307,
        0.005101345479488373,
        0.004854049067944288,
        0.0043717119842767715,
        0.004487938247621059
    ],
    "val_loss": [
        0.23055890202522278,
        0.03593120351433754,
        0.060718610882759094,
        0.14602483808994293,
        0.19019624590873718,
        0.15262916684150696,
        0.09871837496757507,
        0.06351533532142639,
        0.0578543096780777,
        0.06589319556951523,
        0.07876534759998322,
        0.07946152240037918
    ],
    "metrics": {
        "MSE": 72740348.95606416,
        "RMSE": 8528.795281636449,
        "MAE": 8007.605468749999,
        "MAPE": 8.675969630615125,
        "R2": -0.9565472892962952
    },
    "predictions": [
        73083.7578125,
        73305.15625,
        73692.2578125,
        74349.3515625,
        75429.0078125,
        77096.6875,
        78937.7890625,
        80820.8515625,
        82547.453125,
        83534.6640625,
        84544.53125,
        85482.28125,
        86427.609375,
        86975.296875,
        87185.6796875,
        87409.7421875,
        87631.4140625,
        88110.59375,
        88586.53125,
        89077.84375,
        89487.8671875,
        89612.7734375,
        89703.3125,
        89615.9375,
        89213.0078125,
        88943.859375
    ],
    "actual": [
        76482.2,
        76675.1,
        80410.0,
        88728.9,
        87972.0,
        90413.30000000002,
        87382.7,
        91074.6,
        90643.3,
        89899.9,
        90507.39999999998,
        92335.9,
        94288.0,
        98366.8,
        98921.39999999998,
        97725.5,
        97960.4,
        93064.0,
        92021.4,
        95905.2,
        95694.4,
        97516.30000000002,
        96475.1,
        97265.1,
        95890.5,
        95383.6
    ],
    "comparison": [
        [
            76482.2,
            73083.7578125
        ],
        [
            76675.1,
            73305.15625
        ],
        [
            80410.0,
            73692.2578125
        ],
        [
            88728.9,
            74349.3515625
        ],
        [
            87972.0,
            75429.0078125
        ],
        [
            90413.30000000002,
            77096.6875
        ],
        [
            87382.7,
            78937.7890625
        ],
        [
            91074.6,
            80820.8515625
        ],
        [
            90643.3,
            82547.453125
        ],
        [
            89899.9,
            83534.6640625
        ],
        [
            90507.39999999998,
            84544.53125
        ],
        [
            92335.9,
            85482.28125
        ],
        [
            94288.0,
            86427.609375
        ],
        [
            98366.8,
            86975.296875
        ],
        [
            98921.39999999998,
            87185.6796875
        ],
        [
            97725.5,
            87409.7421875
        ],
        [
            97960.4,
            87631.4140625
        ],
        [
            93064.0,
            88110.59375
        ],
        [
            92021.4,
            88586.53125
        ],
        [
            95905.2,
            89077.84375
        ],
        [
            95694.4,
            89487.8671875
        ],
        [
            97516.30000000002,
            89612.7734375
        ],
        [
            96475.1,
            89703.3125
        ],
        [
            97265.1,
            89615.9375
        ],
        [
            95890.5,
            89213.0078125
        ],
        [
            95383.6,
            88943.859375
        ]
    ]
}